importer_module,imported_module,imported_name,alias,import_style,line_number
src.products.make_site2.__main__,src.products.make_site2.build,DEFAULT_OUTPUT_ROOT,DEFAULT_OUTPUT_ROOT,from,9
src.products.make_site2.__main__,src.products.make_site2.build,build_site,build_site,from,9
src.products.make_site2.__main__,src.products.make_site2.deploy,HOST,HOST,from,10
src.products.make_site2.__main__,src.products.make_site2.deploy,LOCAL_ROOT,LOCAL_ROOT,from,10
src.products.make_site2.__main__,src.products.make_site2.deploy,REMOTE_ROOT,REMOTE_ROOT,from,10
src.products.make_site2.__main__,src.products.make_site2.deploy,DeploymentConfig,DeploymentConfig,from,10
src.products.make_site2.__main__,src.products.make_site2.deploy,build_output_from_existing,build_output_from_existing,from,10
src.products.make_site2.__main__,src.products.make_site2.deploy,deploy_local,deploy_local,from,10
src.products.make_site2.__main__,src.products.make_site2.deploy,deploy_remote,deploy_remote,from,10
src.products.make_site2.__main__,src.products.make_site2.deploy,preflight_remote_auth,preflight_remote_auth,from,10
src.products.make_site2.build,src.infra.live_store.api,get_history,get_history,from,12
src.products.make_site2.build,src.sumo_core.History,History,History,from,13
src.products.make_site2.build,src.products.make_site2.data_output,build_basho_results_data_output,build_basho_results_data_output,from,15
src.products.make_site2.build,src.products.make_site2.data_output,build_career_comparisons_data_output,build_career_comparisons_data_output,from,15
src.products.make_site2.build,src.products.make_site2.data_output,copy_banzuke_changes_data_output,copy_banzuke_changes_data_output,from,15
src.products.make_site2.build,src.products.make_site2.data_output,copy_banzuke_division_by_era_data_output,copy_banzuke_division_by_era_data_output,from,15
src.products.make_site2.build,src.products.make_site2.data_output,copy_career_length_data_output,copy_career_length_data_output,from,15
src.products.make_site2.build,src.products.make_site2.data_output,copy_division_stability_data_output,copy_division_stability_data_output,from,15
src.products.make_site2.build,src.products.make_site2.data_output,copy_first_chii_appearance_data_output,copy_first_chii_appearance_data_output,from,15
src.products.make_site2.build,src.products.make_site2.data_output,copy_finish_by_chii_data_output,copy_finish_by_chii_data_output,from,15
src.products.make_site2.build,src.products.make_site2.data_output,copy_makuuchi_rank_by_era_data_output,copy_makuuchi_rank_by_era_data_output,from,15
src.products.make_site2.build,src.products.make_site2.data_output,copy_rank_at_retirement_data_output,copy_rank_at_retirement_data_output,from,15
src.products.make_site2.build,src.products.make_site2.data_output,copy_standings_by_wins_data_output,copy_standings_by_wins_data_output,from,15
src.products.make_site2.build,src.products.make_site2.data_output,copy_typical_equelo_values_data_output,copy_typical_equelo_values_data_output,from,15
src.products.make_site2.build,src.products.make_site2.data_output,copy_win_probability_by_standing_data_output,copy_win_probability_by_standing_data_output,from,15
src.products.make_site2.build,src.products.make_site2.data_output,load_history_from_zip,load_history_from_zip,from,15
src.products.make_site2.build,src.products.make_site2.models,BuildOutput,BuildOutput,from,31
src.products.make_site2.build,src.products.make_site2.publication_model,build_publication_plan,build_publication_plan,from,32
src.products.make_site2.build,src.products.make_site2.render,render_site_shell,render_site_shell,from,33
src.products.make_site2.build,src.products.make_site2.site_manifest,build_public_site_shell,build_public_site_shell,from,34
src.products.make_site2.build,src.products.make_site2.site_manifest,build_runtime_manifest,build_runtime_manifest,from,34
src.products.make_site2.build,src.products.make_site2.site_definition,SITE,SITE,from,35
src.products.make_site2.deploy,src.products.make_site2.models,BuildOutput,BuildOutput,from,12
src.infra.live_store.api,src.sumo_core.History,History,History,from,39
src.infra.live_store.api,src.infra.live_store.LiveStore,LiveStore,LiveStore,from,41
src.infra.live_store.api,src.infra.live_store.config,PUBLISHED_NAME_FILE,PUBLISHED_NAME_FILE,from,42
src.products.make_site2.data_output,src.analysis.equelo.api,EqueloLookup,EqueloLookup,from,9
src.products.make_site2.data_output,src.analysis.sumo_history.basho_results.build,build_index,build_index,from,10
src.products.make_site2.data_output,src.analysis.sumo_history.basho_results.build,build_payload_rows,build_payload_rows,from,10
src.products.make_site2.data_output,src.analysis.sumo_history.basho_results.dates,represented_dates,represented_dates,from,14
src.products.make_site2.data_output,src.analysis.sumo_history.basho_results.reports,write_index,write_index,from,15
src.products.make_site2.data_output,src.analysis.sumo_history.basho_results.reports,write_payload,write_payload,from,15
src.products.make_site2.data_output,src.infra.get_bios.make_public_shikona,make_public_shikona,make_public_shikona,from,16
src.products.make_site2.data_output,src.infra.persistence.annotated_serialiser,load_history_with_annotations,load_history_with_annotations,from,17
src.products.make_site2.data_output,src.sumo_core.History,History,History,from,18
src.products.make_site2.data_output,src.products.make_site2.perf_chart.build,MasterDataOutput,MasterDataOutput,from,20
src.products.make_site2.data_output,src.products.make_site2.perf_chart.build,write_master_data,write_master_data,from,20
src.products.make_site2.publication_model,src.products.make_site2.models,NavigationTree,NavigationTree,from,8
src.products.make_site2.publication_model,src.products.make_site2.models,PageDefinition,PageDefinition,from,8
src.products.make_site2.publication_model,src.products.make_site2.models,PageStatus,PageStatus,from,8
src.products.make_site2.publication_model,src.products.make_site2.models,SiteDefinition,SiteDefinition,from,8
src.products.make_site2.publication_model,src.products.make_site2.routes,PageRoute,PageRoute,from,9
src.products.make_site2.publication_model,src.products.make_site2.routes,derive_page_routes,derive_page_routes,from,9
src.products.make_site2.publication_model,src.products.make_site2.routes,route_href,route_href,from,9
src.products.make_site2.render,src.products.make_site2.publication_model,NavigationItem,NavigationItem,from,12
src.products.make_site2.render,src.products.make_site2.ui_model,NavigationBar,NavigationBar,from,13
src.products.make_site2.render,src.products.make_site2.ui_model,NavigationQuickLink,NavigationQuickLink,from,13
src.products.make_site2.render,src.products.make_site2.ui_model,PublicSiteShell,PublicSiteShell,from,13
src.products.make_site2.site_definition,src.products.make_site2.models,ArtifactRef,ArtifactRef,from,10
src.products.make_site2.site_definition,src.products.make_site2.models,PageDefinition,PageDefinition,from,10
src.products.make_site2.site_definition,src.products.make_site2.models,PageRegistry,PageRegistry,from,10
src.products.make_site2.site_definition,src.products.make_site2.models,PageStatus,PageStatus,from,10
src.products.make_site2.site_definition,src.products.make_site2.models,SiteDefinition,SiteDefinition,from,10
src.products.make_site2.site_definition,src.products.make_site2.navigation,NAVIGATION,NAVIGATION,from,11
src.products.make_site2.site_manifest,src.products.make_site2.manifest.builder,build_public_site_shell,build_public_site_shell,from,9
src.products.make_site2.site_manifest,src.products.make_site2.manifest.builder,build_runtime_manifest,build_runtime_manifest,from,9
src.sumo_core.History,src.sumo_core.BashoState,BashoState,BashoState,from,2
src.sumo_core.History,src.sumo_core.BasicPrimitives,Year,Year,from,3
src.sumo_core.History,src.sumo_core.BasicPrimitives,Month,Month,from,3
src.analysis.equelo.api,src.analysis.equelo.fixed_v2.api,DayEndRatings,DayEndRatings,from,8
src.analysis.equelo.api,src.analysis.equelo.fixed_v2.api,EntrantInitialRatings,EntrantInitialRatings,from,8
src.analysis.equelo.api,src.analysis.equelo.fixed_v2.api,load_day_end_ratings,load_day_end_ratings,from,8
src.analysis.equelo.api,src.analysis.equelo.fixed_v2.api,load_entrant_initial_ratings,load_entrant_initial_ratings,from,8
src.analysis.equelo.api,src.sumo_core.BasicEnums,Annotation,Annotation,from,14
src.analysis.equelo.api,src.sumo_core.BasicEnums,Division,Division,from,14
src.analysis.equelo.api,src.sumo_core.BasicEnums,Side,Side,from,14
src.analysis.equelo.api,src.sumo_core.BasicPrimitives,RikId,RikId,from,15
src.analysis.equelo.api,src.sumo_core.Chii,Chii,Chii,from,16
src.analysis.equelo.api,src.sumo_core.History,Date,Date,from,17
src.analysis.equelo.api,src.sumo_core.History,History,History,from,17
src.analysis.sumo_history.basho_results.build,src.analysis.banzuke_compare.banzuke_diff,calculate_local_deltas,calculate_local_deltas,from,7
src.analysis.sumo_history.basho_results.build,src.analysis.banzuke_compare.banzuke_diff,division_for_chii,division_for_chii,from,7
src.analysis.sumo_history.basho_results.build,src.analysis.banzuke_compare.banzuke_diff,rank_level_movement_marker,rank_level_movement_marker,from,7
src.analysis.sumo_history.basho_results.build,src.analysis.banzuke_compare.report_view,format_delta,format_bcr_delta,from,12
src.analysis.sumo_history.basho_results.build,src.analysis.banzuke_compare.shikona_links,graph_shikona_for,graph_shikona_for,from,13
src.analysis.sumo_history.basho_results.build,src.infra.get_bios.make_public_shikona,make_public_shikona,make_public_shikona,from,14
src.analysis.sumo_history.basho_results.build,src.analysis.sumo_history.basho_results.classes,MISSING,MISSING,from,15
src.analysis.sumo_history.basho_results.build,src.analysis.sumo_history.basho_results.classes,BashoResultsIndex,BashoResultsIndex,from,15
src.analysis.sumo_history.basho_results.build,src.analysis.sumo_history.basho_results.classes,BashoResultsIndexEntry,BashoResultsIndexEntry,from,15
src.analysis.sumo_history.basho_results.build,src.analysis.sumo_history.basho_results.classes,BashoResultsRow,BashoResultsRow,from,15
src.analysis.sumo_history.basho_results.build,src.analysis.sumo_history.basho_results.dates,basho_label,basho_label,from,21
src.analysis.sumo_history.basho_results.build,src.analysis.sumo_history.basho_results.dates,next_history_date,next_history_date,from,21
src.analysis.sumo_history.basho_results.build,src.analysis.sumo_history.basho_results.dates,payload_file_name,payload_file_name,from,21
src.analysis.sumo_history.basho_results.build,src.analysis.sumo_history.basho_results.dates,previous_represented_date,previous_represented_date,from,21
src.analysis.sumo_history.basho_results.build,src.analysis.sumo_history.basho_results.dates,represented_dates,represented_dates,from,21
src.analysis.sumo_history.basho_results.build,src.analysis.sumo_history.basho_results.dates,status_for_date,status_for_date,from,21
src.analysis.sumo_history.basho_results.build,src.analysis.equelo.api,EqueloLookup,EqueloLookup,from,29
src.analysis.sumo_history.basho_results.build,src.analysis.equelo.api,EqueloTiming,EqueloTiming,from,29
src.analysis.sumo_history.basho_results.build,src.analysis.sumo_history.basho_results.ratings,format_delta,format_delta,from,30
src.analysis.sumo_history.basho_results.build,src.analysis.sumo_history.basho_results.ratings,format_rating,format_rating,from,30
src.analysis.sumo_history.basho_results.build,src.analysis.sumo_history.basho_results.records,format_result,format_result,from,31
src.analysis.sumo_history.basho_results.build,src.analysis.sumo_history.basho_results.records,format_result_with_prizes,format_result_with_prizes,from,31
src.analysis.sumo_history.basho_results.build,src.sumo_core.BasicEnums,Division,Division,from,35
src.analysis.sumo_history.basho_results.build,src.sumo_core.BasicPrimitives,RikId,RikId,from,36
src.analysis.sumo_history.basho_results.build,src.sumo_core.BasicPrimitives,Shikona,Shikona,from,36
src.analysis.sumo_history.basho_results.build,src.sumo_core.Chii,Chii,Chii,from,37
src.analysis.sumo_history.basho_results.build,src.sumo_core.History,Date,Date,from,38
src.analysis.sumo_history.basho_results.build,src.sumo_core.History,History,History,from,38
src.analysis.sumo_history.basho_results.dates,src.sumo_core.History,Date,Date,from,7
src.analysis.sumo_history.basho_results.dates,src.sumo_core.History,History,History,from,7
src.analysis.sumo_history.basho_results.reports,src.analysis.sumo_history.basho_results.classes,BashoResultsIndex,BashoResultsIndex,from,10
src.analysis.sumo_history.basho_results.reports,src.analysis.sumo_history.basho_results.classes,BashoResultsRow,BashoResultsRow,from,10
src.analysis.sumo_history.basho_results.reports,src.analysis.sumo_history.basho_results.dates,payload_file_name,payload_file_name,from,14
src.analysis.sumo_history.basho_results.reports,src.sumo_core.History,Date,Date,from,15
src.infra.get_bios.make_public_shikona,src.infra.get_bios.api,BioStore,BioStore,from,19
src.infra.get_bios.make_public_shikona,src.infra.get_bios.api,load_bio_store,load_bio_store,from,19
src.infra.get_bios.make_public_shikona,src.infra.live_store.api,get_history,get_history,from,20
src.infra.get_bios.make_public_shikona,src.sumo_core.BasicPrimitives,RikId,RikId,from,21
src.infra.get_bios.make_public_shikona,src.sumo_core.BasicPrimitives,Shikona,Shikona,from,21
src.infra.get_bios.make_public_shikona,src.sumo_core.History,Date,Date,from,22
src.infra.get_bios.make_public_shikona,src.sumo_core.History,History,History,from,22
src.infra.live_store.LiveStore,src.sumo_core.History,History,History,from,7
src.infra.live_store.LiveStore,src.infra.persistence.annotated_serialiser,load_history_with_annotations,load_history_with_annotations,from,8
src.infra.live_store.LiveStore,src.infra.parser.parser2,OUTPUT_DIR,OUTPUT_DIR,from,9
src.infra.live_store.LiveStore,src.infra.config,EPOCH,EPOCH,from,11
src.infra.live_store.LiveStore,src.infra.live_store.config,VERSION,VERSION,from,12
src.infra.persistence.annotated_serialiser,src.sumo_core.Banzuke,Banzuke,Banzuke,from,6
src.infra.persistence.annotated_serialiser,src.sumo_core.Banzuke,RikChii,RikChii,from,6
src.infra.persistence.annotated_serialiser,src.sumo_core.BashoState,BashoState,BashoState,from,7
src.infra.persistence.annotated_serialiser,src.sumo_core.History,History,History,from,8
src.infra.persistence.annotated_serialiser,src.sumo_core.History,Date,Date,from,8
src.infra.persistence.annotated_serialiser,src.sumo_core.History,Year,Year,from,8
src.infra.persistence.annotated_serialiser,src.sumo_core.History,Month,Month,from,8
src.infra.persistence.annotated_serialiser,src.sumo_core.BasicPrimitives,RikId,RikId,from,9
src.infra.persistence.annotated_serialiser,src.sumo_core.Chii,Chii,Chii,from,12
src.infra.persistence.annotated_serialiser,src.infra.persistence.serialiser,SumoSerialiser,SumoSerialiser,from,15
src.infra.persistence.annotated_serialiser,src.infra.persistence.base_serialiser,BaseSerialiser,BaseSerialiser,from,16
src.products.make_site2.manifest.builder,src.products.make_site2.publication_model,NavigationItem,NavigationItem,from,9
src.products.make_site2.manifest.builder,src.products.make_site2.publication_model,PublicationPlan,PublicationPlan,from,9
src.products.make_site2.manifest.builder,src.products.make_site2.ui_model,ContentPanel,ContentPanel,from,10
src.products.make_site2.manifest.builder,src.products.make_site2.ui_model,Contents,Contents,from,10
src.products.make_site2.manifest.builder,src.products.make_site2.ui_model,Filter,Filter,from,10
src.products.make_site2.manifest.builder,src.products.make_site2.ui_model,FilterSection,FilterSection,from,10
src.products.make_site2.manifest.builder,src.products.make_site2.ui_model,Heading,Heading,from,10
src.products.make_site2.manifest.builder,src.products.make_site2.ui_model,NavigationBar,NavigationBar,from,10
src.products.make_site2.manifest.builder,src.products.make_site2.ui_model,NavigationCollapseControl,NavigationCollapseControl,from,10
src.products.make_site2.manifest.builder,src.products.make_site2.ui_model,NavigationQuickLink,NavigationQuickLink,from,10
src.products.make_site2.manifest.builder,src.products.make_site2.ui_model,Notes,Notes,from,10
src.products.make_site2.manifest.builder,src.products.make_site2.ui_model,PA,PA,from,10
src.products.make_site2.manifest.builder,src.products.make_site2.ui_model,PAPanel,PAPanel,from,10
src.products.make_site2.manifest.builder,src.products.make_site2.ui_model,PublicSiteShell,PublicSiteShell,from,10
src.products.make_site2.navigation,src.products.make_site2.models,NavigationTree,NavigationTree,from,9
src.products.make_site2.perf_chart.build,src.analysis.equelo.api,EqueloLookup,EqueloLookup,from,10
src.products.make_site2.perf_chart.build,src.analysis.equelo.api,EqueloTiming,EqueloTiming,from,10
src.products.make_site2.perf_chart.build,src.infra.get_bios.make_public_shikona,make_public_shikona,make_public_shikona,from,11
src.products.make_site2.perf_chart.build,src.sumo_core.BasicPrimitives,RikId,RikId,from,12
src.products.make_site2.perf_chart.build,src.sumo_core.BasicPrimitives,Shikona,Shikona,from,12
src.products.make_site2.perf_chart.build,src.sumo_core.History,Date,Date,from,13
src.products.make_site2.perf_chart.build,src.sumo_core.History,History,History,from,13
src.products.make_site2.routes,src.products.make_site2.models,NavigationTree,NavigationTree,from,9
src.products.make_site2.routes,src.products.make_site2.models,PageDefinition,PageDefinition,from,9
src.products.make_site2.routes,src.products.make_site2.models,SiteDefinition,SiteDefinition,from,9
src.products.make_site2.ui_model,src.products.make_site2.publication_model,NavigationItem,NavigationItem,from,12
src.sumo_core.BashoState,src.sumo_core.Banzuke,Banzuke,Banzuke,from,3
src.sumo_core.BashoState,src.sumo_core.Summary,Summary,Summary,from,4
src.analysis.banzuke_compare.banzuke_diff,src.analysis.banzuke_compare.classes,BanzukeChange,BanzukeChange,from,5
src.analysis.banzuke_compare.banzuke_diff,src.analysis.banzuke_compare.classes,BanzukeDiff,BanzukeDiff,from,5
src.analysis.banzuke_compare.banzuke_diff,src.analysis.banzuke_compare.classes,PublicationSource,PublicationSource,from,5
src.analysis.banzuke_compare.banzuke_diff,src.sumo_core.BasicEnums,Annotation,Annotation,from,6
src.analysis.banzuke_compare.banzuke_diff,src.sumo_core.BasicEnums,Division,Division,from,6
src.analysis.banzuke_compare.banzuke_diff,src.sumo_core.BasicEnums,MSD,MSD,from,6
src.analysis.banzuke_compare.banzuke_diff,src.sumo_core.BasicPrimitives,RikId,RikId,from,7
src.analysis.banzuke_compare.banzuke_diff,src.sumo_core.Banzuke,Banzuke,Banzuke,from,8
src.analysis.banzuke_compare.banzuke_diff,src.sumo_core.Chii,Chii,Chii,from,9
src.analysis.banzuke_compare.report_view,src.analysis.banzuke_compare.classes,BanzukeChange,BanzukeChange,from,5
src.analysis.banzuke_compare.report_view,src.analysis.banzuke_compare.classes,BanzukeDiff,BanzukeDiff,from,5
src.analysis.banzuke_compare.report_view,src.analysis.banzuke_compare.classes,BcrDivisionReport,BcrDivisionReport,from,5
src.analysis.banzuke_compare.report_view,src.analysis.banzuke_compare.classes,BcrReport,BcrReport,from,5
src.analysis.banzuke_compare.report_view,src.analysis.banzuke_compare.classes,BcrReportRow,BcrReportRow,from,5
src.analysis.banzuke_compare.report_view,src.analysis.banzuke_compare.classes,BcrReportSide,BcrReportSide,from,5
src.analysis.banzuke_compare.report_view,src.analysis.banzuke_compare.banzuke_diff,rank_level_movement_marker,rank_level_movement_marker,from,13
src.analysis.banzuke_compare.report_view,src.analysis.banzuke_compare.equelo_ratings,EqueloSnapshot,EqueloSnapshot,from,14
src.analysis.banzuke_compare.report_view,src.analysis.banzuke_compare.equelo_ratings,load_latest_equelo_snapshot_before,load_latest_equelo_snapshot_before,from,14
src.analysis.banzuke_compare.report_view,src.analysis.banzuke_compare.results,format_previous_result,format_previous_result,from,15
src.analysis.banzuke_compare.report_view,src.analysis.banzuke_compare.shikona_links,graph_shikona_for,graph_shikona_for,from,16
src.analysis.banzuke_compare.report_view,src.infra.get_bios.make_public_shikona,make_public_shikona,make_public_shikona,from,17
src.analysis.banzuke_compare.report_view,src.sumo_core.BasicEnums,Division,Division,from,18
src.analysis.banzuke_compare.report_view,src.sumo_core.BasicEnums,Side,Side,from,18
src.analysis.banzuke_compare.report_view,src.sumo_core.BasicPrimitives,RikId,RikId,from,19
src.analysis.banzuke_compare.report_view,src.sumo_core.BasicPrimitives,Shikona,Shikona,from,19
src.analysis.banzuke_compare.shikona_links,src.analysis.standings.config,LEGACY_QUALIFIED_SHIKONA,LEGACY_QUALIFIED_SHIKONA,from,7
src.analysis.banzuke_compare.shikona_links,src.sumo_core.BasicPrimitives,RikId,RikId,from,8
src.analysis.banzuke_compare.shikona_links,src.sumo_core.BasicPrimitives,Shikona,Shikona,from,8
src.analysis.equelo.fixed_v2.api,src.analysis.equelo.fixed_v2.model,DAY_END_RATINGS_FILE_NAME,DAY_END_RATINGS_FILE_NAME,from,8
src.analysis.equelo.fixed_v2.api,src.analysis.equelo.fixed_v2.model,ENTRANT_INITIAL_RATINGS_FILE_NAME,ENTRANT_INITIAL_RATINGS_FILE_NAME,from,8
src.analysis.equelo.fixed_v2.api,src.analysis.equelo.fixed_v2.model,METADATA_FILE_NAME,METADATA_FILE_NAME,from,8
src.analysis.equelo.fixed_v2.api,src.analysis.equelo.fixed_v2.model,OUTPUT_ROOT,OUTPUT_ROOT,from,8
src.analysis.sumo_history.basho_results.records,src.analysis.banzuke_compare.results,calculate_record,calculate_record,from,5
src.analysis.sumo_history.basho_results.records,src.analysis.banzuke_compare.results,format_prizes,format_prizes,from,5
src.analysis.sumo_history.basho_results.records,src.analysis.banzuke_compare.results,format_record,format_record,from,5
src.analysis.sumo_history.basho_results.records,src.sumo_core.BasicPrimitives,RikId,RikId,from,10
src.analysis.sumo_history.basho_results.records,src.sumo_core.Chii,Chii,Chii,from,11
src.analysis.sumo_history.basho_results.records,src.sumo_core.Summary,Summary,Summary,from,12
src.infra.get_bios.api,src.sumo_core.BasicPrimitives,RikId,RikId,from,15
src.infra.get_bios.api,src.sumo_core.BasicPrimitives,Shikona,Shikona,from,15
src.infra.get_bios.api,src.sumo_core.History,Date,Date,from,16
src.infra.get_bios.api,src.infra.get_bios.parser,OUTPUT_JSON,OUTPUT_JSON,from,18
src.infra.parser.parser2,src.infra.parser.parser2_margin,get_margin_data,get_margin_data,from,10
src.infra.parser.parser2,src.infra.parser.parser2_body,parse_and_validate_body,parse_and_validate_body,from,11
src.infra.parser.parser2,src.infra.parser.parser2_IntDate,IntDate,Date,from,12
src.infra.parser.parser2,src.infra.persistence.new_sumo_serialiser,save_history_with_annotations,save_history_with_annotations,from,13
src.infra.parser.parser2,src.sumo_core.Banzuke,Banzuke,Banzuke,from,17
src.infra.parser.parser2,src.sumo_core.Banzuke,RikShikona,RikShikona,from,17
src.infra.parser.parser2,src.sumo_core.Banzuke,Riks,Riks,from,17
src.infra.parser.parser2,src.sumo_core.Banzuke,RikChii,RikChii,from,17
src.infra.parser.parser2,src.sumo_core.Summary,Summary,Summary,from,18
src.infra.parser.parser2,src.sumo_core.BasicPrimitives,RikId,RikId,from,19
src.infra.parser.parser2,src.sumo_core.BasicPrimitives,Day,Day,from,19
src.infra.parser.parser2,src.sumo_core.History,History,History,from,20
src.infra.parser.parser2,src.sumo_core.BashoState,BashoState,BashoState,from,21
src.infra.parser.parser2,src.sumo_core.Chii,Chii,Chii,from,22
src.infra.parser.parser2,src.infra.parser.parser_daily,_parse_daily_results,_parse_daily_results,from,23
src.infra.parser.parser2,src.infra.helpers,parse_args,parse_args,from,26
src.infra.parser.parser2,src.infra.ETA3,EtaModule,EtaModule,from,27
src.infra.parser.parser2,src.infra.parser.parser_warning_logger,logger,logger,from,28
src.infra.parser.parser2,src.infra.parser.parser2_utils,RESULTS_DIR,RESULTS_DIR,from,29
src.infra.parser.parser2,src.infra.parser.parser2_utils,adapt_banzuke_for_daily_parser,adapt_banzuke_for_daily_parser,from,29
src.infra.parser.parser2,src.infra.parser.parser2_body_adapter,_extract_performance,_extract_performance,from,30
src.infra.persistence.serialiser,src.sumo_core.BashoState,BashoState,BashoState,from,6
src.infra.persistence.serialiser,src.sumo_core.Summary,BoutResult,BoutResult,from,7
src.infra.persistence.serialiser,src.sumo_core.Summary,ResultLookup,ResultLookup,from,7
src.infra.persistence.serialiser,src.sumo_core.Summary,DailyResults,DailyResults,from,7
src.infra.persistence.serialiser,src.sumo_core.Summary,Summary,Summary,from,7
src.infra.persistence.serialiser,src.sumo_core.Performance,Performance,Performance,from,8
src.infra.persistence.serialiser,src.sumo_core.Banzuke,Chii,Chii,from,9
src.infra.persistence.serialiser,src.sumo_core.Banzuke,RikChii,RikChii,from,9
src.infra.persistence.serialiser,src.sumo_core.Banzuke,Shikona,Shikona,from,9
src.infra.persistence.serialiser,src.sumo_core.Banzuke,RikShikona,RikShikona,from,9
src.infra.persistence.serialiser,src.sumo_core.Banzuke,Banzuke,Banzuke,from,9
src.infra.persistence.serialiser,src.sumo_core.BasicEnums,Division,Division,from,10
src.infra.persistence.serialiser,src.sumo_core.BasicEnums,MSD,MSD,from,10
src.infra.persistence.serialiser,src.sumo_core.BasicEnums,Outcome,Outcome,from,10
src.infra.persistence.serialiser,src.sumo_core.BasicEnums,Side,Side,from,10
src.infra.persistence.serialiser,src.sumo_core.BasicEnums,Symbol,Symbol,from,10
src.infra.persistence.serialiser,src.sumo_core.BasicEnums,Annotation,Annotation,from,10
src.infra.persistence.serialiser,src.sumo_core.BasicEnums,Prize,Prize,from,10
src.infra.persistence.serialiser,src.sumo_core.BasicEnums,Direction,Direction,from,10
src.infra.persistence.serialiser,src.sumo_core.Kimarite,Kimarite,Kimarite,from,11
src.infra.persistence.serialiser,src.sumo_core.BasicPrimitives,RikId,RikId,from,12
src.infra.persistence.serialiser,src.sumo_core.BasicPrimitives,Day,Day,from,12
src.infra.persistence.serialiser,src.sumo_core.BasicPrimitives,Pair,Pair,from,12
src.infra.persistence.serialiser,src.sumo_core.BasicPrimitives,Torikumi,Torikumi,from,12
src.infra.persistence.serialiser,src.sumo_core.BasicPrimitives,Riks,Riks,from,12
src.infra.persistence.serialiser,src.sumo_core.History,History,History,from,13
src.infra.persistence.serialiser,src.sumo_core.History,Date,Date,from,13
src.infra.persistence.serialiser,src.sumo_core.History,Year,Year,from,13
src.infra.persistence.serialiser,src.sumo_core.History,Month,Month,from,13
src.infra.persistence.serialiser,src.infra.parser.TableTypes,TableType,TableType,from,14
src.infra.persistence.serialiser,src.infra.parser.TableTypes,BodyTable,BodyTable,from,14
src.infra.persistence.serialiser,src.infra.parser.TableTypes,BanzukeTables,BanzukeTables,from,14
src.infra.persistence.serialiser,src.infra.persistence.base_serialiser,BaseSerialiser,BaseSerialiser,from,16
src.sumo_core.Banzuke,src.sumo_core.BasicPrimitives,RikId,RikId,from,3
src.sumo_core.Banzuke,src.sumo_core.BasicPrimitives,Riks,Riks,from,3
src.sumo_core.Banzuke,src.sumo_core.BasicPrimitives,Shikona,Shikona,from,3
src.sumo_core.Banzuke,src.sumo_core.Chii,Chii,Chii,from,4
src.sumo_core.Chii,src.sumo_core.BasicEnums,Division,Division,from,5
src.sumo_core.Chii,src.sumo_core.BasicEnums,MSD,MSD,from,5
src.sumo_core.Chii,src.sumo_core.BasicEnums,Side,Side,from,5
src.sumo_core.Chii,src.sumo_core.BasicEnums,Annotation,Annotation,from,5
src.sumo_core.Summary,src.sumo_core.BasicPrimitives,Day,Day,from,3
src.sumo_core.Summary,src.sumo_core.BasicPrimitives,Torikumi,Torikumi,from,3
src.sumo_core.Summary,src.sumo_core.BasicPrimitives,Pair,Pair,from,3
src.sumo_core.Summary,src.sumo_core.BasicPrimitives,RikId,RikId,from,3
src.sumo_core.Summary,src.sumo_core.BasicPrimitives,Pair,Pair,from,3
src.sumo_core.Summary,src.sumo_core.BasicEnums,Outcome,Outcome,from,4
src.sumo_core.Summary,src.sumo_core.BasicEnums,Symbol,Symbol,from,4
src.sumo_core.Summary,src.sumo_core.Kimarite,Kimarite,Kimarite,from,5
src.sumo_core.Summary,src.sumo_core.Performance,Performances,Performances,from,6
src.analysis.banzuke_compare.classes,src.sumo_core.BasicEnums,Division,Division,from,10
src.analysis.banzuke_compare.classes,src.sumo_core.BasicEnums,Side,Side,from,10
src.analysis.banzuke_compare.classes,src.sumo_core.BasicPrimitives,RikId,RikId,from,11
src.analysis.banzuke_compare.classes,src.sumo_core.BasicPrimitives,Shikona,Shikona,from,11
src.analysis.banzuke_compare.classes,src.sumo_core.Banzuke,Banzuke,Banzuke,from,12
src.analysis.banzuke_compare.classes,src.sumo_core.BashoState,BashoState,BashoState,from,13
src.analysis.banzuke_compare.classes,src.sumo_core.Chii,Chii,Chii,from,14
src.analysis.banzuke_compare.classes,src.sumo_core.History,Date,Date,from,15
src.analysis.banzuke_compare.classes,src.sumo_core.History,History,History,from,15
src.analysis.banzuke_compare.equelo_ratings,src.analysis.equelo.api,EntrantRatingDomain,EntrantRatingDomain,from,9
src.analysis.banzuke_compare.equelo_ratings,src.analysis.equelo.fixed_v2.api,load_day_end_ratings,load_day_end_ratings,from,10
src.analysis.banzuke_compare.equelo_ratings,src.analysis.equelo.fixed_v2.api,load_entrant_initial_ratings,load_entrant_initial_ratings,from,10
src.analysis.banzuke_compare.equelo_ratings,src.sumo_core.BasicPrimitives,Month,Month,from,14
src.analysis.banzuke_compare.equelo_ratings,src.sumo_core.BasicPrimitives,RikId,RikId,from,14
src.analysis.banzuke_compare.equelo_ratings,src.sumo_core.BasicPrimitives,Year,Year,from,14
src.analysis.banzuke_compare.equelo_ratings,src.sumo_core.Chii,Chii,Chii,from,15
src.analysis.banzuke_compare.equelo_ratings,src.sumo_core.History,Date,Date,from,16
src.analysis.banzuke_compare.results,src.analysis.banzuke_compare.classes,BanzukeChange,BanzukeChange,from,5
src.analysis.banzuke_compare.results,src.sumo_core.BasicEnums,Outcome,Outcome,from,6
src.analysis.banzuke_compare.results,src.sumo_core.BasicEnums,Prize,Prize,from,6
src.analysis.banzuke_compare.results,src.sumo_core.BasicPrimitives,RikId,RikId,from,7
src.analysis.banzuke_compare.results,src.sumo_core.Chii,Chii,Chii,from,8
src.analysis.banzuke_compare.results,src.sumo_core.Summary,Summary,Summary,from,9
src.analysis.banzuke_compare.results,src.sumo_core.BasicEnums,Division,Division,from,10
src.analysis.banzuke_compare.results,src.sumo_core.BasicEnums,MSD,MSD,from,10
src.analysis.equelo.fixed_v2.model,src.analysis.equelo.expt1.params,DEFAULT_K_CONFIG_PATH,DEFAULT_K_CONFIG_PATH,from,7
src.infra.get_bios.parser,src.infra.parser.parser2,OUTPUT_DIR,OUTPUT_DIR,from,11
src.infra.helpers,src.infra.config,EPOCH,EPOCH,from,4
src.infra.parser.parser2_IntDate,src.sumo_core.History,Date,Date,from,1
src.infra.parser.parser2_IntDate,src.sumo_core.History,Year,Year,from,1
src.infra.parser.parser2_IntDate,src.sumo_core.History,Month,Month,from,1
src.infra.parser.parser2_body,src.infra.parser.parser2_stub,parse_body,parse_body,from,8
src.infra.parser.parser2_body,src.infra.parser.parser2_body_adapter,adapt_body_data_for_fsm,adapt_body_data_for_fsm,from,9
src.infra.parser.parser2_body,src.infra.parser.parser2_IntDate,IntDate,Date,from,14
src.infra.parser.parser2_body,src.sumo_core.BasicPrimitives,RikId,RikId,from,15
src.infra.parser.parser2_body,src.sumo_core.Chii,Chii,Chii,from,16
src.infra.parser.parser2_body,src.sumo_core.BasicEnums,Division,Division,from,17
src.infra.parser.parser2_body,src.sumo_core.BasicEnums,MSD,MSD,from,17
src.infra.parser.parser2_body,src.sumo_core.BasicEnums,Outcome,Outcome,from,17
src.infra.parser.parser2_body,src.sumo_core.Performance,Performance,Performance,from,18
src.infra.parser.parser2_body,src.infra.parser.parser2_body_adapter,_extract_performance,_extract_performance,from,19
src.infra.parser.parser2_body_adapter,src.infra.parser.TableTypes,BanzukeTables,BanzukeTables,from,6
src.infra.parser.parser2_body_adapter,src.infra.parser.TableTypes,TableType,TableType,from,6
src.infra.parser.parser2_body_adapter,src.sumo_core.BasicPrimitives,RikId,RikId,from,10
src.infra.parser.parser2_body_adapter,src.sumo_core.Banzuke,Shikona,Shikona,from,11
src.infra.parser.parser2_body_adapter,src.infra.parser.parser2_IntDate,IntDate,Date,from,12
src.infra.parser.parser2_margin,src.infra.parser.parser2_IntDate,IntDate,Date,from,9
src.infra.parser.parser2_margin,src.sumo_core.BasicPrimitives,RikId,RikId,from,10
src.infra.parser.parser2_margin,src.sumo_core.BasicEnums,Symbol,Symbol,from,11
src.infra.parser.parser2_margin,src.sumo_core.Chii,Chii,Chii,from,12
src.infra.parser.parser2_utils,src.infra.parser.TableTypes,TableType,TableType,from,4
src.infra.parser.parser2_utils,src.infra.parser.TableTypes,BodyTable,BodyTable,from,4
src.infra.parser.parser2_utils,src.infra.parser.TableTypes,BanzukeTables,BanzukeTables,from,4
src.infra.parser.parser2_utils,src.sumo_core.BasicPrimitives,RikId,RikId,from,5
src.infra.parser.parser2_utils,src.sumo_core.Banzuke,Shikona,Shikona,from,6
src.infra.parser.parser2_utils,src.sumo_core.BasicPrimitives,Day,Day,from,7
src.infra.parser.parser_daily,src.sumo_core.BasicEnums,Prize,Prize,from,6
src.infra.parser.parser_daily,src.sumo_core.BasicEnums,Direction,Direction,from,6
src.infra.parser.parser_daily,src.sumo_core.BasicEnums,Outcome,Outcome,from,6
src.infra.parser.parser_daily,src.sumo_core.Banzuke,Shikona,Shikona,from,7
src.infra.parser.parser_daily,src.sumo_core.Summary,BoutResult,BoutResult,from,8
src.infra.parser.parser_daily,src.sumo_core.Summary,DailyResults,DailyResults,from,8
src.infra.parser.parser_daily,src.sumo_core.Kimarite,Kimarite,Kimarite,from,9
src.infra.parser.parser_daily,src.sumo_core.BasicPrimitives,RikId,RikId,from,10
src.infra.parser.parser_daily,src.sumo_core.BasicPrimitives,Day,Day,from,10
src.infra.parser.parser_daily,src.sumo_core.BasicPrimitives,Torikumi,Torikumi,from,10
src.infra.parser.parser_daily,src.infra.parser.parser_warning_logger,logger,logger,from,11
src.infra.parser.parser_daily,src.infra.parser.parser2_utils,RESULTS_DIR,RESULTS_DIR,from,12
src.infra.persistence.new_sumo_serialiser,src.sumo_core.Banzuke,Banzuke,Banzuke,from,6
src.infra.persistence.new_sumo_serialiser,src.sumo_core.Banzuke,RikChii,RikChii,from,6
src.infra.persistence.new_sumo_serialiser,src.sumo_core.Summary,Summary,Summary,from,7
src.infra.persistence.new_sumo_serialiser,src.sumo_core.BasicPrimitives,RikId,RikId,from,8
src.infra.persistence.new_sumo_serialiser,src.sumo_core.History,History,History,from,9
src.infra.persistence.new_sumo_serialiser,src.sumo_core.History,Date,Date,from,9
src.infra.persistence.new_sumo_serialiser,src.sumo_core.History,Year,Year,from,9
src.infra.persistence.new_sumo_serialiser,src.sumo_core.History,Month,Month,from,9
src.infra.persistence.new_sumo_serialiser,src.sumo_core.BashoState,BashoState,BashoState,from,10
src.infra.persistence.new_sumo_serialiser,src.sumo_core.Chii,Chii,Chii,from,11
src.infra.persistence.new_sumo_serialiser,src.infra.persistence.serialiser,SumoSerialiser,SumoSerialiser,from,14
src.infra.persistence.new_sumo_serialiser,src.infra.persistence.base_serialiser,BaseSerialiser,BaseSerialiser,from,15
src.sumo_core.Performance,src.sumo_core.BasicPrimitives,RikId,RikId,from,4
src.sumo_core.Performance,src.sumo_core.BasicEnums,Prize,Prize,from,5
src.sumo_core.Performance,src.sumo_core.BasicEnums,Direction,Direction,from,5
src.analysis.equelo.expt1.params,src.analysis.equelo.config_main,INITIAL_ELO,INITIAL_ELO,from,15
src.analysis.equelo.expt1.params,src.analysis.equelo.config_main,INITIAL_Q,INITIAL_Q,from,15
src.analysis.equelo.expt1.params,src.analysis.equelo.config_main,CONSTANT_K,CONSTANT_K,from,15
src.infra.parser.parser2_stub,src.sumo_core.BasicEnums,Prize,Prize,from,8
src.infra.parser.parser2_stub,src.sumo_core.BasicEnums,Direction,Direction,from,8
src.infra.parser.parser2_stub,src.sumo_core.Banzuke,Shikona,Shikona,from,9
src.infra.parser.parser2_stub,src.sumo_core.Performance,Performance,Performance,from,10
src.infra.parser.parser2_stub,src.sumo_core.BasicPrimitives,RikId,RikId,from,11
src.infra.parser.parser2_stub,src.infra.parser.parser_warning_logger,logger,logger,from,12
src.infra.parser.parser2_stub,src.infra.parser.TableTypes,TableType,TableType,from,13
src.infra.parser.parser2_stub,src.infra.parser.TableTypes,BodyTable,BodyTable,from,13
src.infra.parser.parser2_stub,src.infra.parser.TableTypes,BanzukeTables,BanzukeTables,from,13
