module_name,path
src.products.make_site2.__main__,X:/Sumo-Tools/src/products/make_site2/__main__.py
src.products.make_site2.build,X:/Sumo-Tools/src/products/make_site2/build.py
src.products.make_site2.deploy,X:/Sumo-Tools/src/products/make_site2/deploy.py
src.infra.live_store.api,X:/Sumo-Tools/src/infra/live_store/api.py
src.products.make_site2.data_output,X:/Sumo-Tools/src/products/make_site2/data_output.py
src.products.make_site2.models,X:/Sumo-Tools/src/products/make_site2/models.py
src.products.make_site2.publication_model,X:/Sumo-Tools/src/products/make_site2/publication_model.py
src.products.make_site2.render,X:/Sumo-Tools/src/products/make_site2/render.py
src.products.make_site2.site_definition,X:/Sumo-Tools/src/products/make_site2/site_definition.py
src.products.make_site2.site_manifest,X:/Sumo-Tools/src/products/make_site2/site_manifest.py
src.sumo_core.History,X:/Sumo-Tools/src/sumo_core/History.py
src.analysis.equelo.api,X:/Sumo-Tools/src/analysis/equelo/api.py
src.analysis.sumo_history.basho_results.build,X:/Sumo-Tools/src/analysis/sumo_history/basho_results/build.py
src.analysis.sumo_history.basho_results.dates,X:/Sumo-Tools/src/analysis/sumo_history/basho_results/dates.py
src.analysis.sumo_history.basho_results.reports,X:/Sumo-Tools/src/analysis/sumo_history/basho_results/reports.py
src.infra.get_bios.make_public_shikona,X:/Sumo-Tools/src/infra/get_bios/make_public_shikona.py
src.infra.live_store.LiveStore,X:/Sumo-Tools/src/infra/live_store/LiveStore.py
src.infra.live_store.config,X:/Sumo-Tools/src/infra/live_store/config.py
src.infra.persistence.annotated_serialiser,X:/Sumo-Tools/src/infra/persistence/annotated_serialiser.py
src.products.make_site2.manifest.builder,X:/Sumo-Tools/src/products/make_site2/manifest/builder.py
src.products.make_site2.navigation,X:/Sumo-Tools/src/products/make_site2/navigation.py
src.products.make_site2.perf_chart.build,X:/Sumo-Tools/src/products/make_site2/perf_chart/build.py
src.products.make_site2.routes,X:/Sumo-Tools/src/products/make_site2/routes.py
src.products.make_site2.ui_model,X:/Sumo-Tools/src/products/make_site2/ui_model.py
src.sumo_core.BashoState,X:/Sumo-Tools/src/sumo_core/BashoState.py
src.sumo_core.BasicPrimitives,X:/Sumo-Tools/src/sumo_core/BasicPrimitives.py
src.analysis.banzuke_compare.banzuke_diff,X:/Sumo-Tools/src/analysis/banzuke_compare/banzuke_diff.py
src.analysis.banzuke_compare.report_view,X:/Sumo-Tools/src/analysis/banzuke_compare/report_view.py
src.analysis.banzuke_compare.shikona_links,X:/Sumo-Tools/src/analysis/banzuke_compare/shikona_links.py
src.analysis.equelo.fixed_v2.api,X:/Sumo-Tools/src/analysis/equelo/fixed_v2/api.py
src.analysis.sumo_history.basho_results.classes,X:/Sumo-Tools/src/analysis/sumo_history/basho_results/classes.py
src.analysis.sumo_history.basho_results.ratings,X:/Sumo-Tools/src/analysis/sumo_history/basho_results/ratings.py
src.analysis.sumo_history.basho_results.records,X:/Sumo-Tools/src/analysis/sumo_history/basho_results/records.py
src.infra.config,X:/Sumo-Tools/src/infra/config.py
src.infra.get_bios.api,X:/Sumo-Tools/src/infra/get_bios/api.py
src.infra.parser.parser2,X:/Sumo-Tools/src/infra/parser/parser2.py
src.infra.persistence.base_serialiser,X:/Sumo-Tools/src/infra/persistence/base_serialiser.py
src.infra.persistence.serialiser,X:/Sumo-Tools/src/infra/persistence/serialiser.py
src.sumo_core.Banzuke,X:/Sumo-Tools/src/sumo_core/Banzuke.py
src.sumo_core.BasicEnums,X:/Sumo-Tools/src/sumo_core/BasicEnums.py
src.sumo_core.Chii,X:/Sumo-Tools/src/sumo_core/Chii.py
src.sumo_core.Summary,X:/Sumo-Tools/src/sumo_core/Summary.py
src.analysis.banzuke_compare.classes,X:/Sumo-Tools/src/analysis/banzuke_compare/classes.py
src.analysis.banzuke_compare.equelo_ratings,X:/Sumo-Tools/src/analysis/banzuke_compare/equelo_ratings.py
src.analysis.banzuke_compare.results,X:/Sumo-Tools/src/analysis/banzuke_compare/results.py
src.analysis.equelo.fixed_v2.model,X:/Sumo-Tools/src/analysis/equelo/fixed_v2/model.py
src.analysis.standings.config,X:/Sumo-Tools/src/analysis/standings/config.py
src.infra.ETA3,X:/Sumo-Tools/src/infra/ETA3.py
src.infra.get_bios.parser,X:/Sumo-Tools/src/infra/get_bios/parser.py
src.infra.helpers,X:/Sumo-Tools/src/infra/helpers.py
src.infra.parser.TableTypes,X:/Sumo-Tools/src/infra/parser/TableTypes.py
src.infra.parser.parser2_IntDate,X:/Sumo-Tools/src/infra/parser/parser2_IntDate.py
src.infra.parser.parser2_body,X:/Sumo-Tools/src/infra/parser/parser2_body.py
src.infra.parser.parser2_body_adapter,X:/Sumo-Tools/src/infra/parser/parser2_body_adapter.py
src.infra.parser.parser2_margin,X:/Sumo-Tools/src/infra/parser/parser2_margin.py
src.infra.parser.parser2_utils,X:/Sumo-Tools/src/infra/parser/parser2_utils.py
src.infra.parser.parser_daily,X:/Sumo-Tools/src/infra/parser/parser_daily.py
src.infra.parser.parser_warning_logger,X:/Sumo-Tools/src/infra/parser/parser_warning_logger.py
src.infra.persistence.new_sumo_serialiser,X:/Sumo-Tools/src/infra/persistence/new_sumo_serialiser.py
src.sumo_core.Kimarite,X:/Sumo-Tools/src/sumo_core/Kimarite.py
src.sumo_core.Performance,X:/Sumo-Tools/src/sumo_core/Performance.py
src.analysis.equelo.expt1.params,X:/Sumo-Tools/src/analysis/equelo/expt1/params.py
src.infra.parser.parser2_stub,X:/Sumo-Tools/src/infra/parser/parser2_stub.py
src.analysis.equelo.config_main,X:/Sumo-Tools/src/analysis/equelo/config_main.py
